sensor,u_B_azimuth_deg,bias_x_mm,bias_y_mm,bias_z_mm
lidar_NE,44.2364,-87.0738,14.8166,130.5552
lidar_NE,54.9484,17.1251,-482.4306,-181.1715
lidar_NE,59.4417,-67.4285,-226.7970,138.0970
lidar_NE,59.1201,-71.0191,-162.8780,221.8606
lidar_NE,56.7172,48.9557,-109.1856,-195.1751
lidar_NE,53.8922,-91.7760,-136.9803,28.2423
lidar_NE,51.4888,-37.4627,-219.4363,-82.1538
lidar_NE,50.0311,-26.3123,-66.3392,-36.4407
lidar_NE,49.9915,-171.0756,-164.8529,33.2877
lidar_NE,51.8348,20.9801,-306.7732,-122.9098
lidar_NE,55.8776,-37.4396,-216.7544,-103.1067
lidar_NE,62.0290,-114.5242,-235.1788,42.2240
lidar_NE,69.4030,0.2568,-204.5312,42.0483
lidar_NE,75.3880,27.6001,-256.4042,-49.1941
lidar_NE,72.2289,-76.7252,-235.3481,-24.7697
lidar_NE,43.9110,-157.3587,-61.8804,36.4412
lidar_NE,19.3355,-214.1620,-49.9298,-30.9145
lidar_NE,18.5610,-205.3324,-52.0381,24.5148
lidar_NE,25.3883,-342.4914,125.8626,-14.9986
lidar_NE,33.1130,-211.7356,-55.6137,63.3361
lidar_NE,39.3902,-55.6528,-160.6844,53.4928
lidar_NE,43.3637,-84.7537,-130.1788,32.0672
lidar_NE,44.8370,-214.1246,-257.0877,-5.2206
lidar_NE,43.9367,-89.6369,-287.9068,-6.1661
lidar_NE,40.9826,25.0707,-152.5117,39.6479
lidar_NE,36.5426,-123.3750,-103.7455,-2.4645
lidar_NE,31.6077,-172.1434,165.5738,112.7330
lidar_NE,27.7538,-128.7178,-27.1858,-89.4926
lidar_NE,27.2426,-306.7567,121.0992,75.5088
lidar_NE,32.7333,-234.1572,-60.2792,-61.7044
lidar_NE,42.6545,-260.8427,-51.0660,75.2980
lidar_NE,53.2767,-247.5790,-129.6320,-15.8927
lidar_NE,57.7006,-121.4854,-178.0358,150.5809
lidar_NE,57.3115,-117.5429,-277.7792,-45.0678
lidar_NE,54.8581,-101.0033,-253.2011,44.7493
lidar_NE,52.0074,32.6839,-173.2250,-31.1676
lidar_NE,49.6136,-147.1589,-171.8777,13.7869
lidar_NE,48.2101,-6.0317,-97.6714,163.5282
lidar_NE,48.2657,-61.4648,-234.9675,-20.8630
lidar_NE,50.2229,-132.0583,-133.8668,47.9295
lidar_NE,54.3689,-189.5038,-161.4986,-13.4496
lidar_NE,60.5954,-136.2787,-195.7239,-56.4017
lidar_NE,68.0356,-67.4128,-119.2226,35.4125
lidar_NE,74.2223,-9.8165,-169.8062,-2.9350
lidar_NE,72.2790,-150.3539,-288.8039,12.0004
lidar_NE,48.4993,-62.8895,-138.4341,-49.7799
lidar_NE,24.2368,-204.8036,-15.2408,-13.3457
lidar_NE,22.0243,-195.1247,-8.3241,93.8235
lidar_NE,28.1900,-185.3934,41.0791,51.9374
lidar_NE,35.6284,-163.5272,13.7965,8.2861
lidar_NE,41.7455,-221.5264,-150.0287,105.7237
lidar_NE,45.5596,-220.5505,-169.5705,-106.3676
lidar_NE,46.8029,106.9666,-49.1450,48.7451
lidar_NE,45.5648,-56.0506,-71.6812,-109.5376
lidar_NE,42.1602,-100.8651,8.2739,-113.9856
lidar_NE,37.1845,-198.2623,-76.2327,-51.8099
lidar_NE,31.6823,-83.2173,4.9997,-66.2006
lidar_NE,27.2866,-131.7454,-50.3244,-95.8357
lidar_NE,26.2919,-86.0070,52.7286,27.1928
lidar_NE,31.3860,-221.5851,-140.2701,18.4156
lidar_SW,-133.5317,184.2641,85.9228,69.5631
lidar_SW,-122.6630,71.4502,249.7032,-160.3781
lidar_SW,-118.0252,66.2927,347.4302,-48.5682
lidar_SW,-118.1973,59.7697,270.6607,119.0108
lidar_SW,-120.4722,121.2999,276.9396,79.2425
lidar_SW,-123.2048,169.4088,76.5983,-45.7380
lidar_SW,-125.5699,-87.1225,167.9687,102.6330
lidar_SW,-127.0641,-32.2841,212.2305,-33.6220
lidar_SW,-127.2158,180.8016,165.3762,8.9325
lidar_SW,-125.5285,13.3670,289.8818,-98.4510
lidar_SW,-121.6341,49.4464,106.0718,-44.6855
lidar_SW,-115.5867,-25.4286,265.4474,101.6357
lidar_SW,-108.2889,42.0168,262.2858,0.7522
lidar_SW,-102.5757,-14.5101,259.4109,-53.7256
lidar_SW,-107.8657,8.6126,243.8175,171.2532
lidar_SW,-144.4452,134.3071,78.9722,34.0069
lidar_SW,-167.9545,257.0274,-66.8592,80.4475
lidar_SW,-166.3717,205.8259,-5.9897,-17.4375
lidar_SW,-158.5757,305.1429,-121.4969,-11.0502
lidar_SW,-150.4381,218.0476,-38.1139,58.1906
lidar_SW,-143.9243,261.7246,62.7243,166.7798
lidar_SW,-139.7108,28.7794,-67.1298,33.4523
lidar_SW,-137.8970,80.6841,173.2566,-129.6356
lidar_SW,-138.3120,146.7768,104.4794,45.5985
lidar_SW,-140.6353,90.4166,-226.6886,72.5422
lidar_SW,-144.3376,96.0815,94.3027,-27.1558
lidar_SW,-148.4949,223.3067,-57.6098,-52.9058
lidar_SW,-151.6001,132.5941,22.4651,-118.6099
lidar_SW,-151.4331,266.2252,14.0256,-40.9734
lidar_SW,-145.3781,232.7750,125.0489,23.6676
lidar_SW,-132.1326,110.4504,103.1674,62.4187
lidar_SW,-121.1480,155.8647,114.0235,147.0066
lidar_SW,-116.3906,134.9304,77.6597,2.6381
lidar_SW,-116.4338,-95.7393,274.9195,-69.1737
lidar_SW,-118.5897,5.9850,279.5804,111.2920
lidar_SW,-121.2236,53.9720,272.6889,168.5362
lidar_SW,-123.5250,184.2996,141.8815,115.3190
lidar_SW,-125.0086,57.4536,305.2696,40.1378
lidar_SW,-125.2091,159.3972,-12.8383,214.1715
lidar_SW,-123.6110,118.2682,231.8429,-14.8261
lidar_SW,-119.8082,-66.1081,364.6747,5.8763
lidar_SW,-113.8207,78.3848,92.3891,161.2132
lidar_SW,-106.5512,163.7244,381.4448,-30.9126
lidar_SW,-100.9817,-11.5262,213.3129,-58.9081
lidar_SW,-107.9469,109.8999,93.8210,98.0420
lidar_SW,-151.1162,217.5571,31.6868,160.1755
lidar_SW,-172.6747,320.0881,87.1669,-23.0417
lidar_SW,-169.4682,130.3224,-99.2612,58.1631
lidar_SW,-161.0565,276.1150,24.1355,91.3856
lidar_SW,-152.6585,115.3518,2.2917,156.1181
lidar_SW,-145.9919,367.9355,-189.9602,-49.1139
lidar_SW,-141.6204,139.6938,-12.3895,56.1032
lidar_SW,-139.5859,-31.3173,78.1394,-37.1880
lidar_SW,-139.6935,151.7475,25.0254,-77.3517
lidar_SW,-141.6253,23.3214,-3.5201,118.7730
lidar_SW,-144.8755,102.0970,161.9349,-29.7687
lidar_SW,-148.5577,224.4107,18.5926,90.9084
lidar_SW,-151.2022,323.9567,84.1260,-90.0170
lidar_SW,-150.6121,116.3392,91.8183,63.8679
lidar_SW,-144.2010,208.9717,199.8618,180.1962
